user_input,retrieved_contexts,response,reference,faithfulness,answer_relevancy,llm_context_precision_without_reference,context_recall
Apa masalah utama yang melatarbelakangi penelitian ini?,"['kehadiran pegawai. Penggunaan mesin fingerprint juga masih terbatas di kantor pusat, \nsehingga belum mampu mengakomodasi kebutuhan presensi di berbagai lokasi operasional \nlainnya(Wibowo, 2022) . Dengan adanya tantangan tersebut, diperlukan solusi berbasis \nteknologi yang lebih fleksibel, akurat, dan mudah diakses oleh seluruh pegawai. Desain \nsistem yang optimal juga menjadi pertimbangan penting dalam pengembangan solusi \nini(Irawan & Kadafi, 2023). \nBerdasarkan kebutuhan tersebut, penelitian ini bertujuan untuk mengembangkan dan', 'berhasil di unduh \n \n5. KESIMPULAN DAN SARAN \nPenelitian ini menghasilkan sebuah sistem informasi untuk presensi seluruh pegawai \nPT Gresik Migas yang berada di semua lokasi kerja, sistem ini mengintegrasikan antara \nsistem geolocation dan swafoto sebagai upaya monitoring pegawai secara real time saat \nmelakukan presensi. dilengkapi dengan fitur rekap presensi dan ketidakhadiran yang \nmemudahkan pihak hr/sdm perusahaan dalam melakukan rekapitulasi karyawan sehingga \nmeminimalisir terjadinya kesalahan yang diakibatkan manusia dalam melakukan']","Masalah utama yang melatarbelakangi penelitian ini adalah bahwa penggunaan mesin *fingerprint* masih terbatas di kantor pusat, sehingga belum mampu mengakomodasi kebutuhan presensi di berbagai lokasi operasional lainnya.

Oleh karena itu, diperlukan solusi berbasis teknologi yang lebih fleksibel, akurat, dan mudah diakses oleh seluruh pegawai.",Sistem presensi manual menggunakan kertas di lokasi kerja selain kantor pada PT Gresik Migas menimbulkan tantangan dalam efektivitas dan efisiensi rekap kehadiran pegawai.,,0.8585004161618787,0.9999999999,0.0
Teknologi apa saja yang digunakan untuk membangun sistem presensi ini?,"['menimbulkan tantangan dalam efektivitas dan efisiensi rekap kehadiran pegawai. Penelitian ini \nmengimplementasikan sistem presensi berbasis web yang mengintegrasikan fitur geolokasi dan swafoto untuk \nmeningkatkan akurasi dan efisiensi pencatatan kehadiran. Sistem dikembangkan menggunakan PHP native untuk \nbackend, jQuery untuk frontend, MySQL sebagai  database, dan Leaflet JS untuk implementasi geolokasi. Hasil \nimplementasi menunjukkan sistem berhasil diterapkan di 5 lokasi berbeda dengan radius validasi 50 meter dan', 'Integrasi Sistem Presensi Pegawai Berbasis Web dengan Geolokasi dan Swafoto di PT Gresik Migas  \n35           REPEATER - VOLUME 3, NUMBER 2, APRIL 2025 \n \n \n4. HASIL DAN PEMBAHASAN \nPenelitian ini menghasilkan sistem presensi pegawai berbasis web dan dijelaskan \nsebagai berikut:  \nAnalisis \nTerdapat 2 sistem presensi yang sedang berjalan di PT Gresik Migas, presensi dengan \nmenggunakan mesin fingerprint yang digunakan di kantor kemudian presensi dengan sistem \nmanual menggunakan kertas. Kedua sistem tersebut akan dijelaskan melalui gambar 2 dan  \n3.']","Sistem ini dikembangkan menggunakan teknologi berikut:
*   **Backend:** PHP native
*   **Frontend:** jQuery
*   **Database:** MySQL
*   **Geolokasi:** Leaflet JS","PHP native untuk backend, jQuery untuk frontend, MySQL sebagai database, dan Leaflet JS untuk implementasi geolokasi.",1.0,0.8505224498862757,0.9999999999,1.0
"Di berapa lokasi sistem ini berhasil diimplementasikan, dan berapa radius validasi geolokasi yang digunakan?","['MySQL as database, and Leaflet JS for geolocation implementation. Implementation results show the system was \nsuccessfully implemented in 5 different locations with a 50 -meter validation radius and used by 40 employees. \nThis system enables real -time attendance monitoring through an admin dashboard and produces more efficient \nattendance records compared to the previous manual system. \n \nKeywords: attendance system, geolocation, attendance monitoring \n \nAbstrak: Sistem presensi manual menggunakan kertas di lokasi kerja selain kantor pada PT Gresik Migas', 'menimbulkan tantangan dalam efektivitas dan efisiensi rekap kehadiran pegawai. Penelitian ini \nmengimplementasikan sistem presensi berbasis web yang mengintegrasikan fitur geolokasi dan swafoto untuk \nmeningkatkan akurasi dan efisiensi pencatatan kehadiran. Sistem dikembangkan menggunakan PHP native untuk \nbackend, jQuery untuk frontend, MySQL sebagai  database, dan Leaflet JS untuk implementasi geolokasi. Hasil \nimplementasi menunjukkan sistem berhasil diterapkan di 5 lokasi berbeda dengan radius validasi 50 meter dan']","Sistem ini berhasil diimplementasikan di **5 lokasi berbeda**, dan menggunakan radius validasi geolokasi sebesar **50 meter**.",Sistem berhasil diimplementasikan di 5 lokasi berbeda dengan radius validasi 50 meter.,1.0,0.9285099740931594,0.99999999995,1.0
Berapa jumlah pegawai yang menggunakan sistem presensi ini?,"['digunakan oleh 40 pegawai. Sistem ini memungkinkan monitoring kehadiran real -time melalui dashboard admin \ndan menghasilkan rekap presensi yang lebih efisien dibandingkan sistem manual sebelumnya.  \n \nKata kunci: Sistem Presensi, Geolokaso, Monitoring Kehadiran \n \n1. LATAR BELAKANG \nPT Gresik Migas, sebagai perusahaan yang telah beroperasi lebih dari satu dekade \ndalam bidang distribusi dan pengelolaan gas alam di wilayah Gresik dan sekitarnya, \nmemegang peranan penting dalam penyediaan energi bagi masyarakat dan Memiliki lebih', 'menimbulkan tantangan dalam efektivitas dan efisiensi rekap kehadiran pegawai. Penelitian ini \nmengimplementasikan sistem presensi berbasis web yang mengintegrasikan fitur geolokasi dan swafoto untuk \nmeningkatkan akurasi dan efisiensi pencatatan kehadiran. Sistem dikembangkan menggunakan PHP native untuk \nbackend, jQuery untuk frontend, MySQL sebagai  database, dan Leaflet JS untuk implementasi geolokasi. Hasil \nimplementasi menunjukkan sistem berhasil diterapkan di 5 lokasi berbeda dengan radius validasi 50 meter dan']",Sistem presensi ini digunakan oleh 40 pegawai.,Sistem ini digunakan oleh 40 pegawai.,1.0,0.944135667514176,0.9999999999,1.0
"Metode pengembangan sistem apa yang digunakan dalam penelitian ini, dan apa saja tahapannya?","['e-ISSN : 3046-7276, P-ISSN : 3046-7284; Hal. 32-44 \n \n3. METODE PENELITIAN \nPada penelitian kali ini menggunakan metode waterfall dengan 4 tahapan yang \nterdapat pada gambar 1. \n \nGambar 1. Metode Waterfall \n \nAnalisa Kebutuhan Sistem \nTahapan ini dimaksudkan untuk melakukan analisa terkait sistem yang sudah ada dan \nsedang berjalan. Berdasarkan hal tersebut kita akan menemukan beberapa hal terkait \nkebutuhan dalam sistem presensi yang akan dikembangkan pada penelitian kali ini. \nDesain \nDesain merupakan tahapan perancangan desain pada system yang akan dibangun dan', 'dikembangkan. Metode perancangan berorientasi objek UML yang terdiri dari use case \ndiagram, entity relationship diagram dan activity diagram. \nImplementasi \nTahapan implementasi atau bisa juga disebut dengan tahapan code merupakan proses \nmengubah kebutuhan system kedalam program menggunakan Bahasa pemrograman \ntertentu serta menggunakan suatu database. \nPengujian \nPengujian atau testing merupakan tahapan yang dilakukan untuk menguji suatu \nprogram yang sudah dibuat pada tahap implementasi sebelumnya, tahapan ini akan']","Metode pengembangan sistem yang digunakan dalam penelitian ini adalah metode **waterfall**. Metode ini memiliki 4 tahapan, yaitu:

1.  **Analisa Kebutuhan Sistem:** Tahap ini bertujuan untuk melakukan analisa terkait sistem yang sudah ada dan sedang berjalan, sehingga dapat ditemukan kebutuhan dalam sistem presensi yang akan dikembangkan.
2.  **Desain:** Ini adalah tahap perancangan desain pada sistem yang akan dibangun dan dikembangkan. Metode perancangannya berorientasi objek UML, meliputi *use case diagram*, *entity relationship diagram*, dan *activity diagram*.
3.  **Implementasi:** Tahap ini (atau disebut juga tahapan *code*) merupakan proses mengubah kebutuhan sistem ke dalam program menggunakan bahasa pemrograman tertentu serta menggunakan suatu *database*.
4.  **Pengujian:** Ini adalah tahap yang dilakukan untuk menguji suatu program yang sudah dibuat pada tahap implementasi sebelumnya.","Metode waterfall dengan 4 tahapan: Analisis Kebutuhan Sistem, Desain, Implementasi, dan Pengujian.",1.0,0.8814669332436665,0.9999999999,1.0
Metode pengujian apa yang digunakan untuk menguji sistem ini?,"['dilakukan dengan metode blackbox yang berfungsi untuk menguji suatu sistem berjalan \nsebagaimana mestinya.', 'e-ISSN : 3046-7276, P-ISSN : 3046-7284; Hal. 32-44 \n \n3. METODE PENELITIAN \nPada penelitian kali ini menggunakan metode waterfall dengan 4 tahapan yang \nterdapat pada gambar 1. \n \nGambar 1. Metode Waterfall \n \nAnalisa Kebutuhan Sistem \nTahapan ini dimaksudkan untuk melakukan analisa terkait sistem yang sudah ada dan \nsedang berjalan. Berdasarkan hal tersebut kita akan menemukan beberapa hal terkait \nkebutuhan dalam sistem presensi yang akan dikembangkan pada penelitian kali ini. \nDesain \nDesain merupakan tahapan perancangan desain pada system yang akan dibangun dan']","Metode pengujian yang digunakan adalah metode **blackbox**, yang berfungsi untuk menguji suatu sistem berjalan sebagaimana mestinya.","Metode pengujian blackbox, yang digunakan untuk menguji apakah sistem berjalan sebagaimana mestinya.",1.0,0.8583352887547374,0.9999999999,1.0
Apa dua sistem presensi yang sebelumnya berjalan di PT Gresik Migas sebelum sistem baru ini dibangun?,"['Integrasi Sistem Presensi Pegawai Berbasis Web dengan Geolokasi dan Swafoto di PT Gresik Migas  \n35           REPEATER - VOLUME 3, NUMBER 2, APRIL 2025 \n \n \n4. HASIL DAN PEMBAHASAN \nPenelitian ini menghasilkan sistem presensi pegawai berbasis web dan dijelaskan \nsebagai berikut:  \nAnalisis \nTerdapat 2 sistem presensi yang sedang berjalan di PT Gresik Migas, presensi dengan \nmenggunakan mesin fingerprint yang digunakan di kantor kemudian presensi dengan sistem \nmanual menggunakan kertas. Kedua sistem tersebut akan dijelaskan melalui gambar 2 dan  \n3.', 'digunakan oleh 40 pegawai. Sistem ini memungkinkan monitoring kehadiran real -time melalui dashboard admin \ndan menghasilkan rekap presensi yang lebih efisien dibandingkan sistem manual sebelumnya.  \n \nKata kunci: Sistem Presensi, Geolokaso, Monitoring Kehadiran \n \n1. LATAR BELAKANG \nPT Gresik Migas, sebagai perusahaan yang telah beroperasi lebih dari satu dekade \ndalam bidang distribusi dan pengelolaan gas alam di wilayah Gresik dan sekitarnya, \nmemegang peranan penting dalam penyediaan energi bagi masyarakat dan Memiliki lebih']","Dua sistem presensi yang sebelumnya berjalan di PT Gresik Migas adalah:

1. Presensi menggunakan mesin *fingerprint* yang digunakan di kantor.
2. Presensi dengan sistem manual menggunakan kertas.","Presensi menggunakan mesin fingerprint di kantor, dan presensi manual menggunakan kertas di lokasi kerja lain seperti SPBU, Pertashop, dan Gas Metering Station.",1.0,0.9243140810037859,0.9999999999,0.0
"Apa kekurangan sistem ini yang disebutkan di bagian kesimpulan dan saran, serta apa usulan pengembangannya ke depan?","['rekapitulasi presensi. Pengembangan atau hal-hal yang bisa ditingkatkan didalam sistem ini \nyaitu terkait swafoto. Untuk saat ini foto belum terdapat validasi sehingga pegawai mungkin \nakan memfoto selain dari wajahnya sendiri. Kedepannya bisa ditambahkan dengan face \nrecoginition sebagai validasi foto pegawai ketika melakukan presensi. \n \nUCAPAN TERIMA KASIH \nPenulis mengucapkan terima kasih kepada Universitas Muhammadiyah Gresik dan \nPT Gresik Migas yang telah memberi dukungan terhadap penelitian ini. \n \nDAFTAR REFERENSI', 'dari sistem manual ke sistem berbasis teknologi, termasuk dalam manajemen kehadiran \nkaryawan(Firmansyah, 2024) . Salah satu inovasi yang menjanjikan adalah integrasi \nteknologi geolokasi dan swafoto, yang menawarkan potensi untuk meningkatkan akurasi \nserta mengurangi risiko kecurangan dalam pencatatan kehadiran pegawai (SYAPUTERA,']","Berdasarkan konteks yang tersedia, kekurangan sistem terkait swafoto adalah bahwa foto saat ini belum memiliki validasi, sehingga pegawai mungkin akan memfoto selain dari wajahnya sendiri.

Usulan pengembangan ke depannya adalah menambahkan fitur *face recognition* (pengenalan wajah) sebagai validasi foto pegawai ketika melakukan presensi.",Fitur swafoto belum memiliki validasi sehingga pegawai mungkin memfoto selain wajahnya sendiri; ke depan diusulkan ditambahkan face recognition sebagai validasi foto pegawai saat melakukan presensi.,,0.8620370690603777,0.9999999999,1.0
Berapa besar anggaran yang digunakan untuk pengembangan sistem ini?,"['dilakukan dengan metode blackbox yang berfungsi untuk menguji suatu sistem berjalan \nsebagaimana mestinya.', 'e-ISSN : 3046-7276, P-ISSN : 3046-7284; Hal. 32-44 \n \n3. METODE PENELITIAN \nPada penelitian kali ini menggunakan metode waterfall dengan 4 tahapan yang \nterdapat pada gambar 1. \n \nGambar 1. Metode Waterfall \n \nAnalisa Kebutuhan Sistem \nTahapan ini dimaksudkan untuk melakukan analisa terkait sistem yang sudah ada dan \nsedang berjalan. Berdasarkan hal tersebut kita akan menemukan beberapa hal terkait \nkebutuhan dalam sistem presensi yang akan dikembangkan pada penelitian kali ini. \nDesain \nDesain merupakan tahapan perancangan desain pada system yang akan dibangun dan']","Berdasarkan konteks yang tersedia, saya tidak tahu berapa besar anggaran yang digunakan untuk pengembangan sistem ini.",Dokumen ini tidak menyebutkan informasi mengenai anggaran pengembangan sistem.,1.0,,0.49999999995,1.0
